<?xml version="1.0" encoding="UTF-8"?>
<beans xmlns="http://www.springframework.org/schema/beans"
	xmlns:xsi="http://www.w3.org/2001/XMLSchema-instance"
	xsi:schemaLocation="http://www.springframework.org/schema/beans http://www.springframework.org/schema/beans/spring-beans.xsd
		http://www.springframework.org/schema/context http://www.springframework.org/schema/context/spring-context.xsd
		http://www.springframework.org/schema/tx http://www.springframework.org/schema/tx/spring-tx.xsd"
	xmlns:context="http://www.springframework.org/schema/context" xmlns:p="http://www.springframework.org/schema/p"
	xmlns:tx="http://www.springframework.org/schema/tx">

	<import resource="db-config.xml" />

	<context:component-scan base-package="lti.lening.repo,lti.lening.service" />

	<bean id="sessionFactory"
		class="org.springframework.orm.hibernate4.LocalSessionFactoryBean"> <!-- This is spring's implementation of hibernate session factory that's 
			why org. _____ -->   <!-- RoseGarden Bean -->
		<property name="dataSource" ref="ds" />

		<property name="hibernateProperties">
			<value>
				hibernate.dialect=org.hibernate.dialect.Oracle10gDialect
				hibernate.hbm2ddl.auto=update
				hibernate.show_sql=true
			</value>
		</property>

		<property name="annotatedClasses">
			<list>
				<value>lti.lening.bean.AadhaarPanBean</value>
				<value>lti.lening.bean.LoginBean</value>
				<value>lti.lening.bean.RegisterBean</value>
				<value>lti.lening.bean.TwoWheelerVehicleBean</value>
				<value>lti.lening.bean.FourWheelerVehicleBean</value>

			</list>
		</property>
	</bean>

	<bean id="txManager"
		class="org.springframework.orm.hibernate4.HibernateTransactionManager">
		<property name="sessionFactory" ref="sessionFactory" />
	</bean>

	<tx:annotation-driven transaction-manager="txManager" />

</beans>
